<?xml version="1.0" encoding="UTF-8"?>
<?eclipse version="3.0"?>

<!--
 Copyright (c) 2003, 2005 IBM Corporation and others.
 All rights reserved.   This program and the accompanying materials
 are made available under the terms of the Eclipse Public License v1.0
 which accompanies this distribution, and is available at
 http://www.eclipse.org/legal/epl-v10.html

 Contributors: 
   IBM - initial API and implementation

 $Id: feature.xml,v 1.18.2.4 2005/09/22 13:33:07 khussey Exp $
-->

<feature
      id="org.eclipse.uml2"
      version="1.1.1"
      provider-name="%feature.provider-name"
      label="%feature.label"
      image="eclipse_update_120.jpg">

   <description>
      %description
   </description>

   <license url="%license.url">
      %license
   </license>

   <url>
      <update label="%update.label" url="http://download.eclipse.org/tools/uml2/updates/"/>
      <discovery label="%update.label" url="http://download.eclipse.org/tools/uml2/updates/"/>
   </url>

   <requires>
      <import plugin="org.eclipse.core.resources"/>
      <import plugin="org.eclipse.core.runtime"/>
      <import plugin="org.eclipse.emf.ecore"/>
      <import plugin="org.eclipse.emf.codegen.ecore"/>
      <import plugin="org.eclipse.emf.codegen.ecore.ui"/>
      <import plugin="org.eclipse.emf.ecore.change.edit"/>
      <import plugin="org.eclipse.emf.ecore.edit"/>
      <import plugin="org.eclipse.emf.ecore.xmi"/>
      <import plugin="org.eclipse.emf.edit"/>
      <import plugin="org.eclipse.emf.edit.ui"/>
   	  <import plugin="org.eclipse.emf.importer"/>
      <import plugin="org.eclipse.ui.ide"/>
   </requires>

   <plugin
      id="org.eclipse.uml2"
      download-size="0"
      install-size="0"
      unpack="false"
      version="1.1.1"/>

   <plugin
      id="org.eclipse.uml2.codegen.ecore"
      download-size="0"
      install-size="0"
      unpack="false"
      version="1.1.1"/>

   <plugin
      id="org.eclipse.uml2.codegen.ecore.ui"
      download-size="0"
      install-size="0"
      unpack="false"
      version="1.1.1"/>

   <plugin
      id="org.eclipse.uml2.common"
      download-size="0"
      install-size="0"
      unpack="false"
      version="1.1.1"/>

   <plugin
      id="org.eclipse.uml2.common.edit"
      download-size="0"
      install-size="0"
      unpack="false"
      version="1.1.1"/>

   <plugin
      id="org.eclipse.uml2.ecore.importer"
      download-size="0"
      install-size="0"
      unpack="false"
      version="1.1.1"/>

   <plugin
      id="org.eclipse.uml2.edit"
      download-size="0"
      install-size="0"
      unpack="false"
      version="1.1.1"/>

   <plugin
      id="org.eclipse.uml2.editor"
      download-size="0"
      install-size="0"
      unpack="false"
      version="1.1.1"/>

   <plugin
      id="org.eclipse.uml2.resources"
      download-size="0"
      install-size="0"
      unpack="false"
      version="1.1.0"/>

</feature>
